The Final Model With Odds Ratios,,,,,,,
,coefficient,p-value,Odds-ratio,,,,
const,-3.162863965,4.75E-37,,,,,
CreditScore,-0.000676707,0.015778333,0.9993,,,,
Age,0.072637953,4.07E-175,1.0753,,,,
Tenure,-0.015849159,0.089950961,0.9843,,,,
NumOfProducts,-0.095246477,0.045143726,0.9091,,,,
IsActiveMember,-1.076035936,9.46E-78,0.3409,,,,
Female,0.526864039,3.88E-22,1.6936,,,,
France,-0.759740875,5.30E-28,0.4678,,,,
Spain,-0.723407992,1.83E-19,0.4851,,,,
Log_Balance,0.069027861,7.62E-07,1.0715,,,,
